afdo-chromium-roll.skia.org,autoroll.skia.org,/r/afdo-chromium-autoroll
android-master-roll.skia.org,skia-autoroll.corp.goog,/r/android-master-autoroll
android-next-roll.skia.org,skia-autoroll.corp.goog,/r/android-next-autoroll
android-o-roll.skia.org,skia-autoroll.corp.goog,/r/android-o-autoroll
angle-chromium-roll.skia.org,autoroll.skia.org,/r/angle-chromium-autoroll
angle-skia-roll.skia.org,autoroll.skia.org,/r/angle-skia-autoroll
catapult-roll.skia.org,autoroll.skia.org,/r/catapult-autoroll
chromite-chromium-roll.skia.org,autoroll.skia.org,/r/chromite-chromium-autoroll
chromium-skia-roll.skia.org,autoroll.skia.org,/r/chromium-skia-autoroll
flutter-engine-flutter-roll.skia.org,autoroll.skia.org,/r/flutter-engine-flutter-autoroll
lottie-web-lottie-ci-roll.skia.org,autoroll.skia.org,/r/lottie-web-lottie-ci-autoroll
nacl-roll.skia.org,autoroll.skia.org,/r/nacl-autoroll
pdfium-roll.skia.org,autoroll.skia.org,/r/pdfium-autoroll
perfetto-chromium-roll.skia.org,autoroll.skia.org,/r/perfetto-chromium-autoroll
fuchsia-roll.skia.org,autoroll.skia.org,/r/fuchsia-autoroll
fuchsia-sdk-chromium-roll.skia.org,autoroll.skia.org,/r/fuchsia-sdk-chromium-autoroll
skcms-skia-roll.skia.org,autoroll.skia.org,/r/skcms-skia-autoroll
skia-flutter-roll.skia.org,autoroll.skia.org,/r/skia-flutter-autoroll
skia-lottie-ci-roll.skia.org,autoroll.skia.org,/r/skia-lottie-ci-autoroll
spirv-headers-chromium-roll.skia.org,autoroll.skia.org,/r/spirv-headers-chromium-autoroll
spirv-tools-chromium-roll.skia.org,autoroll.skia.org,/r/spirv-tools-chromium-autoroll
src-internal-chromium-roll.skia.org,skia-autoroll.cor,p.goog/r/src-internal-chromium-autoroll
swiftshader-skia-roll.skia.org,autoroll.skia.org,/r/swiftshader-skia-autoroll
webrtc-chromium-roll.skia.org,autoroll.skia.org,/r/webrtc-chromium-autoroll