traceid,mean,median,min,max,ratio
",arch=arm,bench_type=playback,clip=0_0_1000_1000,compiler=Clang,config=glesnarrow,cpu_or_gpu=GPU,cpu_or_gpu_value=Tegra3,extra_config=Android,model=Nexus7,name=tabl_mozilla.skp,os=Android,scale=1,source_type=skp,sub_result=min_ms,test=tabl_mozilla.skp_1_1000_1000,",35.564700,36.442000,3.111000,64.179000,11.713918
",arch=arm,bench_type=playback,clip=0_0_1000_1000,compiler=Clang,config=glesnarrow,cpu_or_gpu=GPU,cpu_or_gpu_value=Tegra3,extra_config=Android,model=Nexus7,name=tabl_mozilla.skp,os=Android,scale=1.1,source_type=skp,sub_result=min_ms,test=tabl_mozilla.skp_1.1_1000_1000,",40.130200,41.492500,4.302000,76.390000,9.644933
",arch=x86_64,bench_type=playback,clip=0_0_1000_1000,compiler=Clang,config=gles,cpu_or_gpu=GPU,cpu_or_gpu_value=IntelHD2000,model=ShuttleA,name=mobi_cnnarticle.skp,os=Debian10,scale=1.1,source_type=skp,sub_result=min_ms,test=mobi_cnnarticle.skp_1.1_1000_1000,",1.123145,1.123317,0.156987,2.088656,7.155498
",arch=x86_64,bench_type=playback,clip=0_0_1000_1000,compiler=Clang,config=gles,cpu_or_gpu=GPU,cpu_or_gpu_value=IntelHD2000,model=ShuttleA,name=mobi_reddit.skp,os=Debian10,scale=1.1,source_type=skp,sub_result=min_ms,test=mobi_reddit.skp_1.1_1000_1000,",1.770728,1.765991,0.338247,4.698201,5.221012
",arch=arm64,bench_type=playback,clip=0_0_1000_1000,compiler=Clang,config=vkmsaa4,cpu_or_gpu=GPU,cpu_or_gpu_value=Adreno620,extra_config=Android_Vulkan,model=Pixel5,name=desk_nytimes.skp,os=Android,scale=1.1,source_type=skp,sub_result=min_ms,test=desk_nytimes.skp_1.1_1000_1000,",5.011662,3.712916,0.717083,22.592346,5.177806
",arch=arm,bench_type=playback,clip=0_0_1000_1000,compiler=Clang,config=gles,cpu_or_gpu=GPU,cpu_or_gpu_value=Tegra3,extra_config=Android,model=Nexus7,name=mobi_facebook.skp,os=Android,scale=1.1,source_type=skp,sub_result=min_ms,test=mobi_facebook.skp_1.1_1000_1000,",9.611100,10.644000,2.131000,11.521000,4.994838
",arch=arm64,bench_type=playback,clip=0_0_1000_1000,compiler=Clang,config=vk,cpu_or_gpu=GPU,cpu_or_gpu_value=MaliG72,extra_config=Android_Vulkan,model=GalaxyS9,name=desk_wowwiki.skp,os=Android,scale=1,source_type=skp,sub_result=min_ms,test=desk_wowwiki.skp_1_1000_1000,",1.010002,1.094145,0.221366,1.756980,4.942706
",arch=arm64,bench_type=playback,clip=0_0_1000_1000,compiler=Clang,config=vkmsaa4,cpu_or_gpu=GPU,cpu_or_gpu_value=Adreno620,extra_config=Android_Vulkan,model=Pixel5,name=desk_espn.skp,os=Android,scale=1,source_type=skp,sub_result=min_ms,test=desk_espn.skp_1_1000_1000,",3.703131,4.458542,0.921354,4.928959,4.839119
",arch=arm64,bench_type=playback,clip=0_0_1000_1000,compiler=Clang,config=vk,cpu_or_gpu=GPU,cpu_or_gpu_value=MaliG72,extra_config=Android_Vulkan,model=GalaxyS9,name=flutter_StoryBoard_ExpandingBlurs__01.skp,os=Android,scale=1.1,source_type=skp,sub_result=min_ms,test=flutter_StoryBoard_ExpandingBlurs__01.skp_1.1_1000_1000,",1.341689,1.196961,0.248577,3.189384,4.815254
",arch=arm64,bench_type=playback,clip=0_0_1000_1000,compiler=Clang,config=vk,cpu_or_gpu=GPU,cpu_or_gpu_value=MaliG72,extra_config=Android_Vulkan,model=GalaxyS9,name=mobi_youtube.skp,os=Android,scale=1,source_type=skp,sub_result=min_ms,test=mobi_youtube.skp_1_1000_1000,",1.165765,1.264519,0.264961,1.831500,4.772463
",arch=arm64,bench_type=playback,clip=0_0_1000_1000,compiler=Clang,config=glessrgb,cpu_or_gpu=GPU,cpu_or_gpu_value=Adreno630,extra_config=Android,model=Pixel3,name=desk_motionmarkarcs.skp,os=Android,scale=1.1,source_type=skp,sub_result=min_ms,test=desk_motionmarkarcs.skp_1.1_1000_1000,",580.759943,693.329287,150.116109,957.488220,4.618620
",arch=arm64,bench_type=playback,clip=0_0_1000_1000,compiler=Clang,config=vkmsaa4,cpu_or_gpu=GPU,cpu_or_gpu_value=MaliG77,extra_config=Android_Vulkan,model=GalaxyS20,name=mobi_slashdot.skp,os=Android,scale=1,source_type=skp,sub_result=min_ms,test=mobi_slashdot.skp_1_1000_1000,",3.879750,4.245192,0.923731,7.624884,4.595702
",arch=x86_64,bench_type=playback,clip=0_0_1000_1000,compiler=Clang,config=vkmsaa8,cpu_or_gpu=GPU,cpu_or_gpu_value=RadeonR9M470X,extra_config=Vulkan,model=AlphaR2,name=desk_yahooanswers.skp,os=Win10,scale=1.1,source_type=skp,sub_result=min_ms,test=desk_yahooanswers.skp_1.1_1000_1000,",1.833190,2.412883,0.527100,2.423500,4.577658
",arch=arm64,bench_type=playback,clip=0_0_1000_1000,compiler=Clang,config=vk,cpu_or_gpu=GPU,cpu_or_gpu_value=MaliG72,extra_config=Android_Vulkan,model=GalaxyS9,name=mobi_youtube.skp,os=Android,scale=1.1,source_type=skp,sub_result=min_ms,test=mobi_youtube.skp_1.1_1000_1000,",0.927273,1.150894,0.251904,1.656884,4.568790
",arch=arm64,bench_type=playback,clip=0_0_1000_1000,compiler=Clang,config=vkmsaa4,cpu_or_gpu=GPU,cpu_or_gpu_value=MaliG72,extra_config=Android_Vulkan,model=GalaxyS9,name=desk_youtube.skp,os=Android,scale=1.1,source_type=skp,sub_result=min_ms,test=desk_youtube.skp_1.1_1000_1000,",1.638061,1.653923,0.368307,3.938500,4.490610
",arch=arm64,bench_type=playback,clip=0_0_1000_1000,compiler=Clang,config=vkmsaa4,cpu_or_gpu=GPU,cpu_or_gpu_value=MaliG72,extra_config=Android_Vulkan,model=GalaxyS9,name=mobi_cnnarticle.skp,os=Android,scale=1,source_type=skp,sub_result=min_ms,test=mobi_cnnarticle.skp_1_1000_1000,",1.103089,1.145096,0.255134,2.523865,4.488206
",arch=arm64,bench_type=playback,clip=0_0_1000_1000,compiler=Clang,config=vkmsaa4,cpu_or_gpu=GPU,cpu_or_gpu_value=MaliG72,extra_config=Android_Vulkan,model=GalaxyS9,name=flutter_StoryBoard_ExpandingBlurs__01.skp,os=Android,scale=1,source_type=skp,sub_result=min_ms,test=flutter_StoryBoard_ExpandingBlurs__01.skp_1_1000_1000,",1.195754,1.224520,0.275539,2.264961,4.444088
",arch=x86_64,bench_type=playback,clip=0_0_1000_1000,compiler=Clang,config=vkmsaa8,cpu_or_gpu=GPU,cpu_or_gpu_value=RadeonR9M470X,extra_config=Vulkan,model=AlphaR2,name=mobi_baidu.skp,os=Win10,scale=1.1,source_type=skp,sub_result=min_ms,test=mobi_baidu.skp_1.1_1000_1000,",1.862110,2.321633,0.527067,2.326433,4.404819
",arch=x86_64,bench_type=playback,clip=0_0_1000_1000,compiler=Clang,config=vkmsaa8,cpu_or_gpu=GPU,cpu_or_gpu_value=RadeonR9M470X,extra_config=Vulkan,model=AlphaR2,name=mobi_reddit.skp,os=Win10,scale=1.1,source_type=skp,sub_result=min_ms,test=mobi_reddit.skp_1.1_1000_1000,",2.392550,2.815675,0.645700,2.833850,4.360655
",arch=arm64,bench_type=playback,clip=0_0_1000_1000,compiler=Clang,config=vkmsaa4,cpu_or_gpu=GPU,cpu_or_gpu_value=MaliG72,extra_config=Android_Vulkan,model=GalaxyS9,name=desk_youtube.skp,os=Android,scale=1,source_type=skp,sub_result=min_ms,test=desk_youtube.skp_1_1000_1000,",1.459973,1.547423,0.362615,2.709693,4.267399
",arch=arm64,bench_type=playback,clip=0_0_1000_1000,compiler=Clang,config=vk,cpu_or_gpu=GPU,cpu_or_gpu_value=Adreno620,extra_config=Android_Vulkan,model=Pixel5,name=mobi_deviantart.skp,os=Android,scale=1,source_type=skp,sub_result=min_ms,test=mobi_deviantart.skp_1_1000_1000,",3.867953,3.571979,0.841303,7.761250,4.245770
",arch=x86_64,bench_type=playback,clip=0_0_1000_1000,compiler=Clang,config=vk,cpu_or_gpu=GPU,cpu_or_gpu_value=RadeonR9M470X,extra_config=Vulkan,model=AlphaR2,name=mobi_reddit.skp,os=Win10,scale=1.1,source_type=skp,sub_result=min_ms,test=mobi_reddit.skp_1.1_1000_1000,",0.990436,1.163280,0.277120,1.193300,4.197748
",arch=arm64,bench_type=playback,clip=0_0_1000_1000,compiler=Clang,config=vk,cpu_or_gpu=GPU,cpu_or_gpu_value=MaliG72,extra_config=Android_Vulkan,model=GalaxyS9,name=mobi_forecastio.skp,os=Android,scale=1,source_type=skp,sub_result=min_ms,test=mobi_forecastio.skp_1_1000_1000,",2.786219,2.470903,0.590807,5.746885,4.182252
",arch=arm64,bench_type=playback,clip=0_0_1000_1000,compiler=Clang,config=glesfakev2,cpu_or_gpu=GPU,cpu_or_gpu_value=Adreno630,extra_config=Android,model=Pixel3,name=desk_motionmarksuitsclip.skp,os=Android,scale=1,source_type=skp,sub_result=min_ms,test=desk_motionmarksuitsclip.skp_1_1000_1000,",669.287468,806.427658,194.064134,1065.999272,4.155470
",arch=arm64,bench_type=playback,clip=0_0_1000_1000,compiler=Clang,config=vk,cpu_or_gpu=GPU,cpu_or_gpu_value=MaliG72,extra_config=Android_Vulkan,model=GalaxyS9,name=flutter_StoryBoard_ExpandingBlurs__01.skp,os=Android,scale=1.1,source_type=skp,sub_result=min_ms,test=flutter_StoryBoard_ExpandingBlurs__01.skp_1.1_1000_1000,",1.422781,1.010308,0.243154,3.721577,4.155011
",arch=x86_64,bench_type=playback,clip=0_0_1000_1000,compiler=Clang,config=vkmsaa8,cpu_or_gpu=GPU,cpu_or_gpu_value=RadeonR9M470X,extra_config=Vulkan,model=AlphaR2,name=desk_nytimes.skp,os=Win10,scale=1.1,source_type=skp,sub_result=min_ms,test=desk_nytimes.skp_1.1_1000_1000,",1.889713,2.077917,0.502833,2.083067,4.132416
",arch=arm64,bench_type=playback,clip=0_0_1000_1000,compiler=Clang,config=vkmsaa4,cpu_or_gpu=GPU,cpu_or_gpu_value=MaliG77,extra_config=Android_Vulkan,model=GalaxyS20,name=flutter_StoryBoard_ExpandingExpansionPanel__01.skp,os=Android,scale=1,source_type=skp,sub_result=min_ms,test=flutter_StoryBoard_ExpandingExpansionPanel__01.skp_1_1000_1000,",0.779935,0.767817,0.186711,1.478923,4.112320
",arch=arm64,bench_type=playback,clip=0_0_1000_1000,compiler=Clang,config=vk,cpu_or_gpu=GPU,cpu_or_gpu_value=MaliG72,extra_config=Android_Vulkan,model=GalaxyS9,name=desk_linkedin.skp,os=Android,scale=1.1,source_type=skp,sub_result=min_ms,test=desk_linkedin.skp_1.1_1000_1000,",1.903458,1.801481,0.443461,4.380731,4.062320
",arch=x86_64,bench_type=playback,clip=0_0_1000_1000,compiler=Clang,config=vkmsaa8,cpu_or_gpu=GPU,cpu_or_gpu_value=RadeonR9M470X,extra_config=Vulkan,model=AlphaR2,name=mobi_facebook.skp,os=Win10,scale=1,source_type=skp,sub_result=min_ms,test=mobi_facebook.skp_1_1000_1000,",1.917820,2.185933,0.542567,2.197300,4.028875
",arch=arm64,bench_type=playback,clip=0_0_1000_1000,compiler=Clang,config=vkmsaa4,cpu_or_gpu=GPU,cpu_or_gpu_value=MaliG77,extra_config=Android_Vulkan,model=GalaxyS20,name=desk_yahoosports.skp,os=Android,scale=1.1,source_type=skp,sub_result=min_ms,test=desk_yahoosports.skp_1.1_1000_1000,",4.679081,5.498038,1.372692,5.977962,4.005297
",arch=x86_64,bench_type=playback,clip=0_0_1000_1000,compiler=Clang,config=gl,cpu_or_gpu=GPU,cpu_or_gpu_value=RadeonR9M470X,model=AlphaR2,name=desk_theverge.skp,os=Win10,scale=1.1,source_type=skp,sub_result=min_ms,test=desk_theverge.skp_1.1_1000_1000,",0.816770,0.948317,0.237750,0.956167,3.988714
",arch=arm64,bench_type=playback,clip=0_0_1000_1000,compiler=Clang,config=vk,cpu_or_gpu=GPU,cpu_or_gpu_value=MaliG72,extra_config=Android_Vulkan,model=GalaxyS9,name=flutter_StoryBoard_ExpandingPhysicalModel__01.skp,os=Android,scale=1.1,source_type=skp,sub_result=min_ms,test=flutter_StoryBoard_ExpandingPhysicalModel__01.skp_1.1_1000_1000,",1.348808,1.084115,0.273500,3.252231,3.963857
",arch=x86_64,bench_type=playback,clip=0_0_1000_1000,compiler=Clang,config=vkmsaa8,cpu_or_gpu=GPU,cpu_or_gpu_value=RadeonR9M470X,extra_config=Vulkan,model=AlphaR2,name=mobi_deviantart.skp,os=Win10,scale=1.1,source_type=skp,sub_result=min_ms,test=mobi_deviantart.skp_1.1_1000_1000,",1.846097,2.454983,0.621133,2.478267,3.952426
",arch=x86_64,bench_type=playback,clip=0_0_1000_1000,compiler=Clang,config=angle_d3d11_es3_msaa8,cpu_or_gpu=GPU,cpu_or_gpu_value=RadeonR9M470X,extra_config=ANGLE,model=AlphaR2,name=desk_cnn.skp,os=Win10,scale=1.1,source_type=skp,sub_result=min_ms,test=desk_cnn.skp_1.1_1000_1000,",1.684550,1.966650,0.501300,2.041200,3.923100
",arch=arm64,bench_type=playback,clip=0_0_1000_1000,compiler=Clang,config=vkmsaa4,cpu_or_gpu=GPU,cpu_or_gpu_value=Adreno620,extra_config=Android_Vulkan,model=Pixel5,name=mobi_theverge.skp,os=Android,scale=1.1,source_type=skp,sub_result=min_ms,test=mobi_theverge.skp_1.1_1000_1000,",3.957365,3.740652,0.958333,7.945887,3.903290
",arch=arm64,bench_type=playback,clip=0_0_1000_1000,compiler=Clang,config=vkmsaa4,cpu_or_gpu=GPU,cpu_or_gpu_value=MaliG77,extra_config=Android_Vulkan,model=GalaxyS20,name=tabl_mozilla.skp,os=Android,scale=1.1,source_type=skp,sub_result=min_ms,test=tabl_mozilla.skp_1.1_1000_1000,",1.374023,1.325019,0.340654,3.749077,3.889634
",arch=x86_64,bench_type=playback,clip=0_0_1000_1000,compiler=Clang,config=vkmsaa8,cpu_or_gpu=GPU,cpu_or_gpu_value=RadeonR9M470X,extra_config=Vulkan,model=AlphaR2,name=mobi_slashdot.skp,os=Win10,scale=1.1,source_type=skp,sub_result=min_ms,test=mobi_slashdot.skp_1.1_1000_1000,",2.451930,2.654775,0.687850,2.667650,3.859526
",arch=arm64,bench_type=playback,clip=0_0_1000_1000,compiler=Clang,config=vk,cpu_or_gpu=GPU,cpu_or_gpu_value=MaliG72,extra_config=Android_Vulkan,model=GalaxyS9,name=desk_googlespreadsheet.skp,os=Android,scale=1.1,source_type=skp,sub_result=min_ms,test=desk_googlespreadsheet.skp_1.1_1000_1000,",5.498543,5.075846,1.320116,12.627538,3.845000
",arch=x86_64,bench_type=playback,clip=0_0_1000_1000,compiler=Clang,config=gl,cpu_or_gpu=GPU,cpu_or_gpu_value=RadeonR9M470X,model=AlphaR2,name=desk_theverge.skp,os=Win10,scale=1,source_type=skp,sub_result=min_ms,test=desk_theverge.skp_1_1000_1000,",0.791900,0.992767,0.259683,1.004283,3.822990
",arch=arm64,bench_type=playback,clip=0_0_1000_1000,compiler=Clang,config=vkmsaa4,cpu_or_gpu=GPU,cpu_or_gpu_value=MaliG72,extra_config=Android_Vulkan,model=GalaxyS9,name=mobi_slashdot.skp,os=Android,scale=1.1,source_type=skp,sub_result=min_ms,test=mobi_slashdot.skp_1.1_1000_1000,",3.947435,4.011385,1.087615,6.840039,3.688239
",arch=x86_64,bench_type=playback,clip=0_0_1000_1000,compiler=Clang,config=gl,cpu_or_gpu=GPU,cpu_or_gpu_value=RadeonR9M470X,model=AlphaR2,name=desk_theverge.skp,os=Win10,scale=1,source_type=skp,sub_result=min_ms,test=desk_theverge.skp_1_1000_1000,",0.778447,0.986617,0.268467,1.029150,3.675006
",arch=arm64,bench_type=playback,clip=0_0_1000_1000,compiler=Clang,config=vk,cpu_or_gpu=GPU,cpu_or_gpu_value=MaliG72,extra_config=Android_Vulkan,model=GalaxyS9,name=mobi_techcrunch.skp,os=Android,scale=1.1,source_type=skp,sub_result=min_ms,test=mobi_techcrunch.skp_1.1_1000_1000,",2.013377,2.341520,0.642077,3.725346,3.646789
",arch=arm64,bench_type=playback,clip=0_0_1000_1000,compiler=Clang,config=vkmsaa4,cpu_or_gpu=GPU,cpu_or_gpu_value=MaliG72,extra_config=Android_Vulkan,model=GalaxyS9,name=mobi_facebook.skp,os=Android,scale=1,source_type=skp,sub_result=min_ms,test=mobi_facebook.skp_1_1000_1000,",1.367523,1.428365,0.392423,2.308846,3.639861
",arch=arm64,bench_type=playback,clip=0_0_1000_1000,compiler=Clang,config=vk,cpu_or_gpu=GPU,cpu_or_gpu_value=Adreno615,extra_config=Android_Vulkan,model=Pixel3a,name=desk_motionmarksuitsclip.skp,os=Android,scale=1,source_type=skp,sub_result=min_ms,test=desk_motionmarksuitsclip.skp_1_1000_1000,",475.997006,507.752681,141.977826,806.833674,3.576282
",arch=x86_64,bench_type=playback,clip=0_0_1000_1000,compiler=Clang,config=glnarrow,cpu_or_gpu=GPU,cpu_or_gpu_value=IntelHD2000,model=ShuttleA,name=desk_facebook.skp,os=Debian10,scale=1.1,source_type=skp,sub_result=min_ms,test=desk_facebook.skp_1.1_1000_1000,",3.243209,3.241458,0.907199,7.250080,3.573040
",arch=arm64,bench_type=playback,clip=0_0_1000_1000,compiler=Clang,config=vk,cpu_or_gpu=GPU,cpu_or_gpu_value=MaliG72,extra_config=Android_Vulkan,model=GalaxyS9,name=mobi_googlenews.skp,os=Android,scale=1.1,source_type=skp,sub_result=min_ms,test=mobi_googlenews.skp_1.1_1000_1000,",1.289086,1.556788,0.436212,2.087039,3.568884
",arch=x86_64,bench_type=playback,clip=0_0_1000_1000,compiler=Clang,config=vkmsaa8,cpu_or_gpu=GPU,cpu_or_gpu_value=RadeonR9M470X,extra_config=Vulkan,model=AlphaR2,name=desk_yahooanswers.skp,os=Win10,scale=1,source_type=skp,sub_result=min_ms,test=desk_yahooanswers.skp_1_1000_1000,",1.938703,2.079950,0.584233,2.166767,3.560136
",arch=arm64,bench_type=playback,clip=0_0_1000_1000,compiler=Clang,config=vk,cpu_or_gpu=GPU,cpu_or_gpu_value=Adreno620,extra_config=Android_Vulkan,model=Pixel5,name=desk_yahooanswers.skp,os=Android,scale=1,source_type=skp,sub_result=min_ms,test=desk_yahooanswers.skp_1_1000_1000,",3.333891,3.407735,0.960052,7.950834,3.549531
",arch=arm64,bench_type=playback,clip=0_0_1000_1000,compiler=Clang,config=vk,cpu_or_gpu=GPU,cpu_or_gpu_value=MaliG72,extra_config=Android_Vulkan,model=GalaxyS9,name=flutter_StoryBoard_ExpandingBlurs__01.skp,os=Android,scale=1,source_type=skp,sub_result=min_ms,test=flutter_StoryBoard_ExpandingBlurs__01.skp_1_1000_1000,",1.202558,1.279923,0.361807,2.207923,3.537585
",arch=x86_64,bench_type=playback,clip=0_0_1000_1000,compiler=Clang,config=vkmsaa8,cpu_or_gpu=GPU,cpu_or_gpu_value=RadeonR9M470X,extra_config=Vulkan,model=AlphaR2,name=desk_theverge.skp,os=Win10,scale=1.1,source_type=skp,sub_result=min_ms,test=desk_theverge.skp_1.1_1000_1000,",1.939073,2.077183,0.589133,2.183033,3.525829
",arch=x86_64,bench_type=playback,clip=0_0_1000_1000,compiler=Clang,config=glnarrow,cpu_or_gpu=GPU,cpu_or_gpu_value=IntelBayTrail,model=NUCDE3815TYKHE,name=mobi_reddit.skp,os=Debian10,scale=1,source_type=skp,sub_result=min_ms,test=mobi_reddit.skp_1_1000_1000,",11.260902,11.444310,3.276581,18.362256,3.492760
",arch=arm64,bench_type=playback,clip=0_0_1000_1000,compiler=Clang,config=vkmsaa4,cpu_or_gpu=GPU,cpu_or_gpu_value=MaliG77,extra_config=Android_Vulkan,model=GalaxyS20,name=desk_linkedin.skp,os=Android,scale=1.1,source_type=skp,sub_result=min_ms,test=desk_linkedin.skp_1.1_1000_1000,",1.800166,1.937424,0.568270,3.720000,3.409336
",arch=x86_64,bench_type=playback,clip=0_0_1000_1000,compiler=Clang,config=vk,cpu_or_gpu=GPU,cpu_or_gpu_value=RadeonR9M470X,extra_config=Vulkan,model=AlphaR2,name=mobi_theverge.skp,os=Win10,scale=1,source_type=skp,sub_result=min_ms,test=mobi_theverge.skp_1_1000_1000,",1.021320,1.115090,0.328120,1.120500,3.398421
",arch=x86_64,bench_type=playback,clip=0_0_1000_1000,compiler=Clang,config=vkmsaa8,cpu_or_gpu=GPU,cpu_or_gpu_value=RadeonR9M470X,extra_config=Vulkan,model=AlphaR2,name=desk_yahoosports.skp,os=Win10,scale=1.1,source_type=skp,sub_result=min_ms,test=desk_yahoosports.skp_1.1_1000_1000,",3.550155,4.433375,1.305950,4.456100,3.394751
",arch=arm64,bench_type=playback,clip=0_0_1000_1000,compiler=Clang,config=vkmsaa4,cpu_or_gpu=GPU,cpu_or_gpu_value=MaliG77,extra_config=Android_Vulkan,model=GalaxyS20,name=flutter_PageFlipTest_02.skp,os=Android,scale=1.1,source_type=skp,sub_result=min_ms,test=flutter_PageFlipTest_02.skp_1.1_1000_1000,",1.007959,1.076855,0.327230,2.147211,3.290816
",arch=x86_64,bench_type=playback,clip=0_0_1000_1000,compiler=Clang,config=vkmsaa8,cpu_or_gpu=GPU,cpu_or_gpu_value=RadeonR9M470X,extra_config=Vulkan,model=AlphaR2,name=mobi_deviantart.skp,os=Win10,scale=1,source_type=skp,sub_result=min_ms,test=mobi_deviantart.skp_1_1000_1000,",1.931093,2.162200,0.662033,2.176300,3.265999
",arch=arm64,bench_type=playback,clip=0_0_1000_1000,compiler=Clang,config=vk,cpu_or_gpu=GPU,cpu_or_gpu_value=MaliG72,extra_config=Android_Vulkan,model=GalaxyS9,name=mobi_techcrunch.skp,os=Android,scale=1,source_type=skp,sub_result=min_ms,test=mobi_techcrunch.skp_1_1000_1000,",2.338462,2.256501,0.694885,3.822731,3.247301
",arch=arm64,bench_type=playback,clip=0_0_1000_1000,compiler=Clang,config=vkmsaa4,cpu_or_gpu=GPU,cpu_or_gpu_value=MaliG72,extra_config=Android_Vulkan,model=GalaxyS9,name=desk_googlespreadsheet.skp,os=Android,scale=1.1,source_type=skp,sub_result=min_ms,test=desk_googlespreadsheet.skp_1.1_1000_1000,",4.876981,5.656962,1.761654,8.148384,3.211165
",arch=arm64,bench_type=playback,clip=0_0_1000_1000,compiler=Clang,config=vk,cpu_or_gpu=GPU,cpu_or_gpu_value=MaliG72,extra_config=Android_Vulkan,model=GalaxyS9,name=desk_css3gradients.skp,os=Android,scale=1.1,source_type=skp,sub_result=min_ms,test=desk_css3gradients.skp_1.1_1000_1000,",1.888350,1.596077,0.497269,3.543539,3.209685
",arch=arm64,bench_type=playback,clip=0_0_1000_1000,compiler=Clang,config=vkmsaa4,cpu_or_gpu=GPU,cpu_or_gpu_value=MaliG72,extra_config=Android_Vulkan,model=GalaxyS9,name=desk_googledocs.skp,os=Android,scale=1,source_type=skp,sub_result=min_ms,test=desk_googledocs.skp_1_1000_1000,",5.437465,6.112385,1.906077,8.361616,3.206788
",arch=arm64,bench_type=playback,clip=0_0_1000_1000,compiler=Clang,config=vkmsaa4,cpu_or_gpu=GPU,cpu_or_gpu_value=MaliG77,extra_config=Android_Vulkan,model=GalaxyS20,name=flutter_Slate_01.skp,os=Android,scale=1,source_type=skp,sub_result=min_ms,test=flutter_Slate_01.skp_1_1000_1000,",0.519738,0.379630,0.118644,1.313163,3.199733
",arch=arm64,bench_type=playback,clip=0_0_1000_1000,compiler=Clang,config=vk,cpu_or_gpu=GPU,cpu_or_gpu_value=MaliG77,extra_config=Android_Vulkan,model=GalaxyS20,name=desk_youtube.skp,os=Android,scale=1,source_type=skp,sub_result=min_ms,test=desk_youtube.skp_1_1000_1000,",0.442950,0.413307,0.129231,0.906230,3.198207
",arch=arm64,bench_type=playback,clip=0_0_1000_1000,compiler=Clang,config=vkmsaa4,cpu_or_gpu=GPU,cpu_or_gpu_value=MaliG72,extra_config=Android_Vulkan,model=GalaxyS9,name=mobi_googlenews.skp,os=Android,scale=1,source_type=skp,sub_result=min_ms,test=mobi_googlenews.skp_1_1000_1000,",1.265940,1.273000,0.399327,2.828173,3.187864
",arch=arm64,bench_type=playback,clip=0_0_1000_1000,compiler=Clang,config=glesnarrow,cpu_or_gpu=GPU,cpu_or_gpu_value=MaliG77,extra_config=Android,model=GalaxyS20,name=desk_theverge.skp,os=Android,scale=1.1,source_type=skp,sub_result=min_ms,test=desk_theverge.skp_1.1_1000_1000,",1.352198,1.331029,0.418404,2.392067,3.181207
",arch=arm64,bench_type=playback,clip=0_0_1000_1000,compiler=Clang,config=vkmsaa4,cpu_or_gpu=GPU,cpu_or_gpu_value=MaliG72,extra_config=Android_Vulkan,model=GalaxyS9,name=mobi_youtube.skp,os=Android,scale=1,source_type=skp,sub_result=min_ms,test=mobi_youtube.skp_1_1000_1000,",0.912461,0.874384,0.275289,1.825923,3.176248
",arch=arm64,bench_type=playback,clip=0_0_1000_1000,compiler=Clang,config=vk,cpu_or_gpu=GPU,cpu_or_gpu_value=MaliG72,extra_config=Android_Vulkan,model=GalaxyS9,name=mobi_baidu.skp,os=Android,scale=1.1,source_type=skp,sub_result=min_ms,test=mobi_baidu.skp_1.1_1000_1000,",2.353962,2.540307,0.801769,4.072962,3.168378
",arch=x86_64,bench_type=playback,clip=0_0_1000_1000,compiler=Clang,config=glsrgb,cpu_or_gpu=GPU,cpu_or_gpu_value=IntelHD615,model=MacBook10.1,name=flutter_StoryBoard_ExpandingPhysicalModel__01.skp,os=Mac10.13,scale=1,source_type=skp,sub_result=min_ms,test=flutter_StoryBoard_ExpandingPhysicalModel__01.skp_1_1000_1000,",0.620814,0.549902,0.174732,1.770109,3.147111
",arch=arm64,bench_type=playback,clip=0_0_1000_1000,compiler=Clang,config=vkmsaa4,cpu_or_gpu=GPU,cpu_or_gpu_value=MaliG72,extra_config=Android_Vulkan,model=GalaxyS9,name=flutter_CupertinoDialogTest_01.skp,os=Android,scale=1,source_type=skp,sub_result=min_ms,test=flutter_CupertinoDialogTest_01.skp_1_1000_1000,",5.340931,5.722961,1.819769,7.499462,3.144883
",arch=arm64,bench_type=playback,clip=0_0_1000_1000,compiler=Clang,config=vkmsaa4,cpu_or_gpu=GPU,cpu_or_gpu_value=MaliG72,extra_config=Android_Vulkan,model=GalaxyS9,name=flutter_StoryBoard_ExpandingBlurs__01.skp,os=Android,scale=1.1,source_type=skp,sub_result=min_ms,test=flutter_StoryBoard_ExpandingBlurs__01.skp_1.1_1000_1000,",1.522365,1.134461,0.362577,3.015230,3.128884
",arch=arm64,bench_type=playback,clip=0_0_1000_1000,compiler=Clang,config=vkmsaa4,cpu_or_gpu=GPU,cpu_or_gpu_value=Adreno620,extra_config=Android_Vulkan,model=Pixel5,name=flutter_PageFlipTest_01.skp,os=Android,scale=1,source_type=skp,sub_result=min_ms,test=flutter_PageFlipTest_01.skp_1_1000_1000,",2.905938,2.855274,0.914584,4.789297,3.121939
",arch=arm64,bench_type=playback,clip=0_0_1000_1000,compiler=Clang,config=vkmsaa4,cpu_or_gpu=GPU,cpu_or_gpu_value=MaliG77,extra_config=Android_Vulkan,model=GalaxyS20,name=flutter_Slate_01.skp,os=Android,scale=1.1,source_type=skp,sub_result=min_ms,test=flutter_Slate_01.skp_1.1_1000_1000,",0.491554,0.324878,0.105141,1.754051,3.089930
",arch=arm64,bench_type=playback,clip=0_0_1000_1000,compiler=Clang,config=vk,cpu_or_gpu=GPU,cpu_or_gpu_value=MaliG72,extra_config=Android_Vulkan,model=GalaxyS9,name=mobi_facebook.skp,os=Android,scale=1.1,source_type=skp,sub_result=min_ms,test=mobi_facebook.skp_1.1_1000_1000,",1.104790,1.141135,0.370654,2.008039,3.078705
",arch=arm64,bench_type=playback,clip=0_0_1000_1000,compiler=Clang,config=vk,cpu_or_gpu=GPU,cpu_or_gpu_value=MaliG77,extra_config=Android_Vulkan,model=GalaxyS20,name=mobi_youtube.skp,os=Android,scale=1,source_type=skp,sub_result=min_ms,test=mobi_youtube.skp_1_1000_1000,",0.662262,0.519539,0.169692,1.974077,3.061656
",arch=arm64,bench_type=playback,clip=0_0_1000_1000,compiler=Clang,config=vk,cpu_or_gpu=GPU,cpu_or_gpu_value=MaliG72,extra_config=Android_Vulkan,model=GalaxyS9,name=mobi_baidu.skp,os=Android,scale=1,source_type=skp,sub_result=min_ms,test=mobi_baidu.skp_1_1000_1000,",2.073854,2.062365,0.676230,3.061154,3.049798
",arch=arm64,bench_type=playback,clip=0_0_1000_1000,compiler=Clang,config=vkmsaa4,cpu_or_gpu=GPU,cpu_or_gpu_value=MaliG77,extra_config=Android_Vulkan,model=GalaxyS20,name=desk_theverge.skp,os=Android,scale=1.1,source_type=skp,sub_result=min_ms,test=desk_theverge.skp_1.1_1000_1000,",0.898235,0.965346,0.316577,1.415808,3.049325
",arch=arm,bench_type=playback,clip=0_0_1000_1000,compiler=Clang,config=glesnarrow,cpu_or_gpu=GPU,cpu_or_gpu_value=Adreno330,extra_config=Android,model=Nexus5,name=desk_wowwiki.skp,os=Android,scale=1,source_type=skp,sub_result=min_ms,test=desk_wowwiki.skp_1_1000_1000,",1.934505,1.833216,0.601523,6.237162,3.047623
",arch=x86_64,bench_type=playback,clip=0_0_1000_1000,compiler=Clang,config=vkmsaa8,cpu_or_gpu=GPU,cpu_or_gpu_value=RadeonR9M470X,extra_config=Vulkan,model=AlphaR2,name=desk_googlespreadsheet.skp,os=Win10,scale=1,source_type=skp,sub_result=min_ms,test=desk_googlespreadsheet.skp_1_1000_1000,",2.351370,2.928700,0.969150,3.011950,3.021926
",arch=x86_64,bench_type=playback,clip=0_0_1000_1000,compiler=Clang,config=glnarrow,cpu_or_gpu=GPU,cpu_or_gpu_value=IntelHD615,model=MacBook10.1,name=mobi_cnnarticle.skp,os=Mac10.13,scale=1,source_type=skp,sub_result=min_ms,test=mobi_cnnarticle.skp_1_1000_1000,",1.089982,1.084606,0.362023,1.831495,2.995964
",arch=arm64,bench_type=playback,clip=0_0_1000_1000,compiler=Clang,config=vkmsaa4,cpu_or_gpu=GPU,cpu_or_gpu_value=MaliG77,extra_config=Android_Vulkan,model=GalaxyS20,name=mobi_slashdot.skp,os=Android,scale=1.1,source_type=skp,sub_result=min_ms,test=mobi_slashdot.skp_1.1_1000_1000,",2.774035,2.427673,0.812231,5.960384,2.988895
",arch=arm64,bench_type=playback,clip=0_0_1000_1000,compiler=Clang,config=vkmsaa4,cpu_or_gpu=GPU,cpu_or_gpu_value=MaliG72,extra_config=Android_Vulkan,model=GalaxyS9,name=desk_googledocs.skp,os=Android,scale=1.1,source_type=skp,sub_result=min_ms,test=desk_googledocs.skp_1.1_1000_1000,",5.863985,5.442405,1.842462,10.852077,2.953876
",arch=arm64,bench_type=playback,clip=0_0_1000_1000,compiler=Clang,config=vkmsaa4,cpu_or_gpu=GPU,cpu_or_gpu_value=MaliG77,extra_config=Android_Vulkan,model=GalaxyS20,name=mobi_facebook.skp,os=Android,scale=1,source_type=skp,sub_result=min_ms,test=mobi_facebook.skp_1_1000_1000,",1.547733,1.776471,0.602885,1.888308,2.946617
",arch=x86_64,bench_type=playback,clip=0_0_1000_1000,compiler=Clang,config=gl,cpu_or_gpu=GPU,cpu_or_gpu_value=RadeonR9M470X,model=AlphaR2,name=tabl_mozilla.skp,os=Win10,scale=1,source_type=skp,sub_result=min_ms,test=tabl_mozilla.skp_1_1000_1000,",0.734637,0.912250,0.310240,0.996813,2.940465
",arch=arm64,bench_type=playback,clip=0_0_1000_1000,compiler=Clang,config=vk,cpu_or_gpu=GPU,cpu_or_gpu_value=Adreno620,extra_config=Android_Vulkan,model=Pixel5,name=mobi_youtube.skp,os=Android,scale=1.1,source_type=skp,sub_result=min_ms,test=mobi_youtube.skp_1.1_1000_1000,",0.394301,0.443238,0.151128,0.460191,2.932856
",arch=arm64,bench_type=playback,clip=0_0_1000_1000,compiler=Clang,config=vk,cpu_or_gpu=GPU,cpu_or_gpu_value=Adreno620,extra_config=Android_Vulkan,model=Pixel5,name=desk_googlesearch.skp,os=Android,scale=1.1,source_type=skp,sub_result=min_ms,test=desk_googlesearch.skp_1.1_1000_1000,",1.329740,1.506393,0.514688,1.519844,2.926809
",arch=arm64,bench_type=playback,clip=0_0_1000_1000,compiler=Clang,config=vkmsaa4,cpu_or_gpu=GPU,cpu_or_gpu_value=MaliG72,extra_config=Android_Vulkan,model=GalaxyS9,name=mobi_techcrunch.skp,os=Android,scale=1.1,source_type=skp,sub_result=min_ms,test=mobi_techcrunch.skp_1.1_1000_1000,",1.756963,1.986250,0.678981,2.836827,2.925341
",arch=x86_64,bench_type=playback,clip=0_0_1000_1000,compiler=Clang,config=glessrgb,cpu_or_gpu=GPU,cpu_or_gpu_value=IntelBayTrail,model=NUCDE3815TYKHE,name=mobi_googlenews.skp,os=Debian10,scale=1,source_type=skp,sub_result=min_ms,test=mobi_googlenews.skp_1_1000_1000,",4.653429,6.238013,2.136304,6.336366,2.920002
",arch=x86_64,bench_type=playback,clip=0_0_1000_1000,compiler=Clang,config=gl,cpu_or_gpu=GPU,cpu_or_gpu_value=IntelHD615,model=MacBook10.1,name=flutter_StoryBoard_ExpandingPhysicalModel__01.skp,os=Mac10.13,scale=1,source_type=skp,sub_result=min_ms,test=flutter_StoryBoard_ExpandingPhysicalModel__01.skp_1_1000_1000,",0.505953,0.547474,0.189044,0.553579,2.896015
",arch=x86_64,bench_type=playback,clip=0_0_1000_1000,compiler=Clang,config=gl,cpu_or_gpu=GPU,cpu_or_gpu_value=RadeonR9M470X,model=AlphaR2,name=mobi_youtube.skp,os=Win10,scale=1,source_type=skp,sub_result=min_ms,test=mobi_youtube.skp_1_1000_1000,",0.282373,0.338904,0.117215,0.416300,2.891300
",arch=x86_64,bench_type=playback,clip=0_0_1000_1000,compiler=Clang,config=vkmsaa8,cpu_or_gpu=GPU,cpu_or_gpu_value=RadeonR9M470X,extra_config=Vulkan,model=AlphaR2,name=desk_gmail.skp,os=Win10,scale=1.1,source_type=skp,sub_result=min_ms,test=desk_gmail.skp_1.1_1000_1000,",1.993923,2.178667,0.755333,2.196867,2.884378
",arch=arm64,bench_type=playback,clip=0_0_1000_1000,compiler=Clang,config=vk,cpu_or_gpu=GPU,cpu_or_gpu_value=MaliG72,extra_config=Android_Vulkan,model=GalaxyS9,name=desk_weather.skp,os=Android,scale=1,source_type=skp,sub_result=min_ms,test=desk_weather.skp_1_1000_1000,",9.991689,8.049500,2.793385,22.663269,2.881629
",arch=arm64,bench_type=playback,clip=0_0_1000_1000,compiler=Clang,config=vk,cpu_or_gpu=GPU,cpu_or_gpu_value=MaliG72,extra_config=Android_Vulkan,model=GalaxyS9,name=mobi_googlenews.skp,os=Android,scale=1.1,source_type=skp,sub_result=min_ms,test=mobi_googlenews.skp_1.1_1000_1000,",1.184671,1.198250,0.416000,2.316000,2.880409
",arch=x86_64,bench_type=playback,clip=0_0_1000_1000,compiler=Clang,config=gl,cpu_or_gpu=GPU,cpu_or_gpu_value=RadeonR9M470X,model=AlphaR2,name=mobi_googlenews.skp,os=Win10,scale=1,source_type=skp,sub_result=min_ms,test=mobi_googlenews.skp_1_1000_1000,",0.624873,0.816728,0.284333,0.862489,2.872431
",arch=arm64,bench_type=playback,clip=0_0_1000_1000,compiler=Clang,config=vk,cpu_or_gpu=GPU,cpu_or_gpu_value=Adreno620,extra_config=Android_Vulkan,model=Pixel5,name=flutter_PageFlipTest_01.skp,os=Android,scale=1.1,source_type=skp,sub_result=min_ms,test=flutter_PageFlipTest_01.skp_1.1_1000_1000,",0.929265,0.798559,0.278377,2.681406,2.868627
",arch=arm64,bench_type=playback,clip=0_0_1000_1000,compiler=Clang,config=vk,cpu_or_gpu=GPU,cpu_or_gpu_value=MaliG72,extra_config=Android_Vulkan,model=GalaxyS9,name=mobi_cnnarticle.skp,os=Android,scale=1,source_type=skp,sub_result=min_ms,test=mobi_cnnarticle.skp_1_1000_1000,",1.236989,1.037635,0.362654,2.775731,2.861226
",arch=x86_64,bench_type=playback,clip=0_0_1000_1000,compiler=Clang,config=glsrgb,cpu_or_gpu=GPU,cpu_or_gpu_value=IntelHD615,model=MacBook10.1,name=flutter_StoryBoard_ExpandingPhysicalModel__01.skp,os=Mac10.13,scale=1,source_type=skp,sub_result=min_ms,test=flutter_StoryBoard_ExpandingPhysicalModel__01.skp_1_1000_1000,",0.547351,0.548475,0.192112,0.916603,2.854976
",arch=x86_64,bench_type=playback,clip=0_0_1000_1000,compiler=Clang,config=glnarrow,cpu_or_gpu=GPU,cpu_or_gpu_value=IntelHD615,model=MacBook10.1,name=flutter_Slate_01.skp,os=Mac10.13,scale=1.1,source_type=skp,sub_result=min_ms,test=flutter_Slate_01.skp_1.1_1000_1000,",0.188476,0.179946,0.063121,0.450411,2.850820
",arch=x86_64,bench_type=playback,clip=0_0_1000_1000,compiler=Clang,config=gl,cpu_or_gpu=GPU,cpu_or_gpu_value=IntelHD615,model=MacBook10.1,name=flutter_StoryBoard_ExpandingPhysicalModel__01.skp,os=Mac10.13,scale=1.1,source_type=skp,sub_result=min_ms,test=flutter_StoryBoard_ExpandingPhysicalModel__01.skp_1.1_1000_1000,",0.546783,0.546330,0.192677,0.927224,2.835466
",arch=x86_64,bench_type=playback,clip=0_0_1000_1000,compiler=Clang,config=glnarrow,cpu_or_gpu=GPU,cpu_or_gpu_value=IntelHD615,model=MacBook10.1,name=flutter_StoryBoard_ExpandingPhysicalModel__01.skp,os=Mac10.13,scale=1.1,source_type=skp,sub_result=min_ms,test=flutter_StoryBoard_ExpandingPhysicalModel__01.skp_1.1_1000_1000,",0.544013,0.547555,0.193279,0.924608,2.832980
",arch=x86_64,bench_type=playback,clip=0_0_1000_1000,compiler=Clang,config=glsrgb,cpu_or_gpu=GPU,cpu_or_gpu_value=IntelHD615,model=MacBook10.1,name=flutter_StoryBoard_ExpandingExpansionPanel__01.skp,os=Mac10.13,scale=1,source_type=skp,sub_result=min_ms,test=flutter_StoryBoard_ExpandingExpansionPanel__01.skp_1_1000_1000,",0.689823,0.710933,0.251281,1.233586,2.829239
