gerrit_changelist_one	gerrit_ps_3	threshold	2
gerrit_changelist_one	gerrit_ps_3	matcher	fuzzy
gerrit_changelist_one	gerrit_ps_2	color_mode	rgb
gerrit_changelist_one	gerrit_ps_2	ext	png
gerrit_changelist_one	gerrit_ps_3	device	Crosshatch
gerrit_changelist_one	gerrit_ps_3	name	test_two
gerrit_changelist_one	gerrit_ps_3	name	test_three
gerrit_changelist_one	gerrit_ps_2	name	test_one
gerrit_changelist_one	gerrit_ps_2	source_type	corpus_one
gerrit_changelist_one	gerrit_ps_2	name	test_three
gerrit_changelist_one	gerrit_ps_3	ext	png
gerrit_changelist_one	gerrit_ps_2	device	Crosshatch
gerrit_changelist_one	gerrit_ps_3	color_mode	rgb
gerrit_changelist_one	gerrit_ps_2	os	Android
gerrit_changelist_one	gerrit_ps_2	name	test_two
gerrit_changelist_one	gerrit_ps_3	name	test_one
gerrit_changelist_one	gerrit_ps_3	os	Android
gerrit_changelist_one	gerrit_ps_3	source_type	corpus_one
